product_id,product_name,category,quantity,price,last_updated
1,Laptop Dell XPS,Electronics,12,2999.99,2024-01-15 10:05:00
2,Mysz Logitech,Electronics,55,89.99,2024-01-15 10:05:00
3,Klawiatura mechaniczna,Electronics,25,299.99,2024-01-15 10:05:00
4,"Monitor 27""",Electronics,8,1299.99,2024-01-15 10:05:00
5,Krzesło biurowe,Furniture,10,599.99,2024-01-15 10:05:00
6,Biurko regulowane,Furniture,5,899.99,2024-01-15 10:05:00
7,Lampa LED,Lighting,35,149.99,2024-01-15 10:05:00
8,Słuchawki bezprzewodowe,Electronics,40,199.99,2024-01-15 10:05:00
9,Tablet Samsung,Electronics,18,1499.99,2024-01-15 10:05:00
10,Drukarka laserowa,Electronics,6,799.99,2024-01-15 10:05:00
11,Webcam HD,Electronics,25,299.99,2024-01-15 10:05:00
